地区,校区,自治区,センター,カレンダーNo
大分,滝尾,片島上,西部清掃事業所,1
大分,滝尾,片島下,西部清掃事業所,1
大分,滝尾,片島中,西部清掃事業所,1
大分,滝尾,羽田上,西部清掃事業所,1
大分,滝尾,羽田下,西部清掃事業所,1
大分,滝尾,米良上,西部清掃事業所,1
大分,滝尾,米良下,西部清掃事業所,1
大分,中島,芦崎,西部清掃事業所,1
大分,中島,新川西,西部清掃事業所,1
大分,中島,新川町,西部清掃事業所,1
大分,中島,浜町北,西部清掃事業所,1
大分,中島,浜町東,西部清掃事業所,1
大分,東大分,牧一丁目,東部清掃事業所,1
大分,東大分,牧二丁目,東部清掃事業所,1
大分,東大分,牧三丁目,東部清掃事業所,1
大分,東大分,牧上,東部清掃事業所,1
大分,明野,高城台,東部清掃事務所,2
大分,明野,高城団地,東部清掃事務所,2
大分,荏隈,荏隈町,西部清掃事務所,2
大分,荏隈,大石町,西部清掃事務所,2
大分,荏隈,賀来新川,西部清掃事務所,2
大分,荏隈,ツインプラザ大分,西部清掃事務所,2
大分,荏隈,中の瀬団地,西部清掃事務所,2
大分,荏隈,深河内の一部,西部清掃事務所,2
大分,寒田,大分大学寒田宿舎,西部清掃事業所,2
大分,寒田,寒田北町,西部清掃事業所,2
大分,寒田,寒田北町4丁目,西部清掃事業所,2
大分,寒田,寒田西町,西部清掃事業所,2
大分,寒田,寒田南町,西部清掃事業所,2
大分,寒田,寒田南町1丁目,西部清掃事業所,2
大分,寒田,寒田南町3丁目,西部清掃事業所,2
大分,寒田,寒田わかば台,西部清掃事業所,2
大分,南大分,尼が瀬,西部清掃事業所,2
大分,桃園,岡,東部清掃事業所,2
大分,桃園,岡新町,東部清掃事業所,2
大分,桃園,高城南町,東部清掃事業所,2
大分,明野,明野西町,東部清掃事務所,3
大分,明野,明野緑町,東部清掃事務所,3
大分,明野,明野元町,東部清掃事務所,3
大分,明野,則小池,東部清掃事務所,3
大分,明野,東原,東部清掃事務所,3
大分,賀来,桑原,西部清掃事業所,3
大分,賀来,国分新町,西部清掃事業所,3
大分,賀来,国分台,西部清掃事業所,3
大分,賀来,平横瀬,西部清掃事業所,3
大分,下郡,桜坂,西部清掃事業所,3
大分,西の台,高尾台,西部清掃事業所,3
大分,西の台,高崎,西部清掃事業所,3
大分,西の台,高崎山荘通り,西部清掃事業所,3
大分,明治,小池原,東部清掃事業所,3
大分,明治,小池原二,東部清掃事業所,3
大分,明治,浜田団地,東部清掃事業所,3
大分,明治,ひまわり団地,東部清掃事業所,3
大分,桃園,千歳,東部清掃事業所,3
大分,桃園,寺崎,東部清掃事業所,3
大分,桃園,仲西,東部清掃事業所,3
大分,桃園,桃園団地,東部清掃事業所,3
大分,桃園,山津,東部清掃事業所,3
大分,賀来,カームタウン野田,西部清掃事業所,4
大分,賀来,上片面,西部清掃事業所,4
大分,賀来,車木,西部清掃事業所,4
大分,賀来,下片面,西部清掃事業所,4
大分,賀来,東院,西部清掃事業所,4
大分,賀来,東野台,西部清掃事業所,4
大分,賀来,中尾,西部清掃事業所,4
大分,賀来,中島,西部清掃事業所,4
大分,賀来,野田,西部清掃事業所,4
大分,賀来,宮苑,西部清掃事業所,4
大分,賀来,餅田,西部清掃事業所,4
大分,賀来,森ノ木,西部清掃事業所,4
大分,賀来,脇,西部清掃事業所,4
大分,別保,森,東部清掃事業所,4
大分,別保,森町,東部清掃事業所,4
大分,桃園,三川上西,東部清掃事業所,4
大分,桃園,三川上東,東部清掃事業所,4
大分,桃園,三川下西,東部清掃事業所,4
大分,桃園,三川下東,東部清掃事業所,4
大分,大在,大在浜,東部清掃事業所,5
大分,大在,汐見,東部清掃事業所,5
大分,大在,平野,東部清掃事業所,5
大分,大在,政所,東部清掃事業所,5
大分,大在,横田,東部清掃事業所,5
大分,大在,横塚,東部清掃事業所,5
大分,竹中,伊与床,西部清掃事業所,5
大分,竹中,岩上,西部清掃事業所,5
大分,竹中,上竹中,西部清掃事業所,5
大分,竹中,上冬田,西部清掃事業所,5
大分,竹中,河原,西部清掃事業所,5
大分,竹中,佐渡川,西部清掃事業所,5
大分,竹中,下竹中,西部清掃事業所,5
大分,竹中,高城,西部清掃事業所,5
大分,竹中,中竹中,西部清掃事業所,5
大分,竹中,中野,西部清掃事業所,5
大分,竹中,中無礼,西部清掃事業所,5
大分,竹中,花香,西部清掃事業所,5
大分,竹中,舟戸,西部清掃事業所,5
大分,竹中,冬田,西部清掃事業所,5
大分,判田,高江北,西部清掃事業所,5
大分,判田,高江中央1丁目,西部清掃事業所,5
大分,判田,高江中央2丁目,西部清掃事業所,5
大分,判田,高江南1丁目,西部清掃事業所,5
大分,判田,高江南2丁目,西部清掃事業所,5
大分,判田,高江南3丁目,西部清掃事業所,5
大分,判田,判田台北・東,西部清掃事業所,5
大分,判田,判田台南,西部清掃事業所,5
大分,南大分,明磧,西部清掃事業所,5
大分,南大分,田中,西部清掃事業所,5
大分,南大分,畑中,西部清掃事業所,5
大分,南大分,二又,西部清掃事業所,5
大分,南大分,豊饒,西部清掃事業所,5
大分,大在西,上志村,東部清掃事業所,6
大分,大在西,北,東部清掃事業所,6
大分,大在西,下志村,東部清掃事業所,6
大分,春日,王子新町,西部清掃事業所,6
大分,春日,王子西南町,西部清掃事業所,6
大分,春日,王子西町,西部清掃事業所,6
大分,春日,王子町,西部清掃事業所,6
大分,春日,王子山の手,西部清掃事業所,6
大分,西の台,上春日町,西部清掃事業所,6
大分,西の台,新春日町,西部清掃事業所,6
大分,森岡,津守上,西部清掃事業所,6
大分,森岡,津守下,西部清掃事業所,6
大分,森岡,富岡,西部清掃事業所,6
大分,森岡,芳河原,西部清掃事業所,6
大分,森岡,曲上,西部清掃事業所,6
大分,森岡,曲下,西部清掃事業所,6
大分,大在,曙台,東部清掃事業所,7
大分,大在,城原,東部清掃事業所,7
大分,大在西,角子原,東部清掃事業所,7
大分,大在西,望みが丘,東部清掃事業所,7
大分,鴛野,坂詰,西部清掃事業所,7
大分,鴛野,田園町,西部清掃事業所,7
大分,鴛野,東木,西部清掃事業所,7
大分,寒田,サントピア西寒多,西部清掃事業所,7
大分,寒田,サントピア藤美園,西部清掃事業所,7
大分,寒田,寒田,西部清掃事業所,7
大分,寒田,寒田ささむた苑,西部清掃事業所,7
大分,西の台,椎迫,西部清掃事業所,7
大分,西の台,志手,西部清掃事業所,7
大分,東稙田,ふじが丘北,西部清掃事業所,7
大分,東稙田,ふじが丘西,西部清掃事業所,7
大分,東稙田,ふじが丘東,西部清掃事業所,7
大分,東稙田,ふじが丘南,西部清掃事業所,7
大分,東稙田,ふじが丘山手区,西部清掃事業所,7
大分,横瀬,鬼崎,西部清掃事業所,7
大分,横瀬,緑が丘一,西部清掃事業所,7
大分,横瀬,緑が丘二,西部清掃事業所,7
大分,横瀬,緑が丘三,西部清掃事業所,7
大分,敷戸,敷戸北,西部清掃事業所,8
大分,敷戸,敷戸台,西部清掃事業所,8
大分,敷戸,敷戸西,西部清掃事業所,8
大分,敷戸,星和台,西部清掃事業所,8
大分,敷戸,芳河原台,西部清掃事業所,8
大分,高田,上徳丸,東部清掃事業所,8
大分,高田,亀甲,東部清掃事業所,8
大分,高田,下徳丸,東部清掃事業所,8
大分,高田,関門,東部清掃事業所,8
大分,高田,常行,東部清掃事業所,8
大分,高田,鶴瀬,東部清掃事業所,8
大分,高田,堂園,東部清掃事業所,8
大分,高田,南,東部清掃事業所,8
大分,西の台,青葉台,西部清掃事業所,8
大分,西の台,グレイスタウン青山,西部清掃事業所,8
大分,西の台,季の坂,西部清掃事業所,8
大分,西の台,志手の一部,西部清掃事業所,8
大分,西の台,にじが丘,西部清掃事業所,8
大分,八幡,金谷迫,西部清掃事業所,8
大分,八幡,机張原,西部清掃事業所,8
大分,明野,明野北町,東部清掃事務所,9
大分,明野,池ノ平,東部清掃事務所,9
大分,明野,天然町,東部清掃事務所,9
大分,荏隈,深河内,西部清掃事務所,9
大分,城南,城南団地北,西部清掃事業所,9
大分,城南,城南団地西,西部清掃事業所,9
大分,城南,城南団地東,西部清掃事業所,9
大分,城南,城南団地南,西部清掃事業所,9
大分,城南,庄の原,西部清掃事業所,9
大分,城南,竹の上,西部清掃事業所,9
大分,城南,はなの森,西部清掃事業所,9
大分,城南,永興,西部清掃事業所,9
大分,丹生,一木,東部清掃事業所,9
大分,丹生,延命寺,東部清掃事業所,9
大分,丹生,上久所,東部清掃事業所,9
大分,丹生,久土,東部清掃事業所,9
大分,丹生,佐野,東部清掃事業所,9
大分,丹生,佐野上,東部清掃事業所,9
大分,丹生,下久所,東部清掃事業所,9
大分,丹生,丹生,東部清掃事業所,9
大分,丹生,野間,東部清掃事業所,9
大分,明治,猪野二,東部清掃事業所,9
大分,明治,法勝台,東部清掃事業所,9
大分,春日,王子北町,西部清掃事業所,10
大分,春日,王子中町西,西部清掃事業所,10
大分,春日,王子中町東,西部清掃事業所,10
大分,春日,勢家町1丁目,西部清掃事業所,10
大分,春日,勢家町2丁目,西部清掃事業所,10
大分,春日,勢家町3丁目,西部清掃事業所,10
大分,春日,勢家町4丁目,西部清掃事業所,10
大分,春日,西春日町,西部清掃事業所,10
大分,春日,南春日町,西部清掃事業所,10
大分,下郡,北下郡上,西部清掃事業所,10
大分,下郡,北下郡下,西部清掃事業所,10
大分,下郡,南下郡南,西部清掃事業所,10
大分,下郡,南下郡中央,西部清掃事業所,10
大分,下郡,南下郡東,西部清掃事業所,10
大分,日岡,新貝,東部清掃事業所,10
大分,日岡,新高松西,東部清掃事業所,10
大分,日岡,新高松東,東部清掃事業所,10
大分,日岡,高松,東部清掃事業所,10
大分,日岡,西原,東部清掃事業所,10
大分,日岡,花高松,東部清掃事業所,10
大分,日岡,向原西,東部清掃事業所,10
大分,日岡,向原東,東部清掃事業所,10
大分,東大分,白滝,東部清掃事業所,10
大分,東大分,高城,東部清掃事業所,10
大分,東大分,高城東,東部清掃事業所,10
大分,東大分,南萩原,東部清掃事業所,10
大分,東稙田,秋岡,西部清掃事業所,10
大分,東稙田,石川,西部清掃事業所,10
大分,東稙田,岡,西部清掃事業所,10
大分,東稙田,高城,西部清掃事業所,10
大分,東稙田,田尻グリーンハイツ北,西部清掃事業所,10
大分,東稙田,田尻グリーンハイツ中央,西部清掃事業所,10
大分,東稙田,田尻グリーンハイツ西,西部清掃事業所,10
大分,東稙田,田尻グリーンハイツ東,西部清掃事業所,10
大分,東稙田,田尻南1丁目,西部清掃事業所,10
大分,東稙田,田尻南2丁目,西部清掃事業所,10
大分,東稙田,仲村,西部清掃事業所,10
大分,東稙田,蕨野,西部清掃事業所,10
大分,豊府,上田町,西部清掃事業所,10
大分,豊府,南太平寺,西部清掃事業所,10
大分,南大分,旭町,西部清掃事業所,10
大分,南大分,三ケ田町,西部清掃事業所,10
大分,春日,生石港町,西部清掃事業所,11
大分,春日,西生石,西部清掃事業所,11
大分,春日,浜の市,西部清掃事業所,11
大分,春日,東生石,西部清掃事業所,11
大分,春日,南生石西,西部清掃事業所,11
大分,春日,南生石東,西部清掃事業所,11
大分,下郡,加納,西部清掃事業所,11
大分,滝尾,長谷町,西部清掃事業所,11
大分,滝尾,羽田下の一部,西部清掃事業所,11
大分,滝尾,羽田東,西部清掃事業所,11
大分,戸次,嶺,東部清掃事業所,11
大分,戸次,門前,東部清掃事業所,11
大分,八幡,下白木,西部清掃事業所,11
大分,八幡,田ノ浦,西部清掃事業所,11
大分,八幡,御幸の一部,西部清掃事業所,11
大分,吉野,梅が丘,東部清掃事業所,11
大分,吉野,奥,東部清掃事業所,11
大分,吉野,上志津留,東部清掃事業所,11
大分,吉野,下志津留,東部清掃事業所,11
大分,吉野,杉原,東部清掃事業所,11
大分,吉野,月形,東部清掃事業所,11
大分,吉野,辻,東部清掃事業所,11
大分,吉野,萩尾,東部清掃事業所,11
大分,吉野,福良,東部清掃事業所,11
大分,吉野,宮尾,東部清掃事業所,11
大分,吉野,吉野原,東部清掃事業所,11
大分,吉野,ロングヒル中央,東部清掃事業所,11
大分,川添,金谷,東部清掃事業所,12
大分,川添,杵河内,東部清掃事業所,12
大分,川添,迫,東部清掃事業所,12
大分,川添,迫阿蘇入,東部清掃事業所,12
大分,川添,浄土寺,東部清掃事業所,12
大分,川添,新田,東部清掃事業所,12
大分,川添,種具,東部清掃事業所,12
大分,川添,広内,東部清掃事業所,12
大分,川添,宮河内ハイランド北,東部清掃事業所,12
大分,川添,宮河内ハイランド西,東部清掃事業所,12
大分,川添,宮河内ハイランド東,東部清掃事業所,12
大分,川添,宮河内ハイランド南,東部清掃事業所,12
大分,川添,宮谷,東部清掃事業所,12
大分,川添,陽光台,東部清掃事業所,12
大分,川添,若葉台,東部清掃事業所,12
大分,寒田,小原,西部清掃事業所,12
大分,寒田,スカイタウン寒田,西部清掃事業所,12
大分,寒田,宮崎,西部清掃事業所,12
大分,寒田,宮崎台,西部清掃事業所,12
大分,東稙田,グランビュー光吉,西部清掃事業所,12
大分,東稙田,小原団地,西部清掃事業所,12
大分,東稙田,田尻,西部清掃事業所,12
大分,東稙田,天領ハイツ,西部清掃事業所,12
大分,東稙田,光吉,西部清掃事業所,12
大分,東稙田,光吉新町,西部清掃事業所,12
大分,東稙田,光吉台,西部清掃事業所,12
大分,横瀬,上横瀬,西部清掃事業所,12
大分,横瀬,下横瀬,西部清掃事業所,12
大分,横瀬,富士見が丘西1丁目,西部清掃事業所,12
大分,横瀬,富士見が丘西2丁目,西部清掃事業所,12
大分,横瀬,富士見が丘西3丁目,西部清掃事業所,12
大分,横瀬,富士見が丘西4丁目,西部清掃事業所,12
大分,横瀬,富士見が丘東1丁目,西部清掃事業所,12
大分,横瀬,富士見が丘東2丁目,西部清掃事業所,12
大分,横瀬,富士見が丘東3丁目,西部清掃事業所,12
大分,横瀬,富士見が丘東4丁目,西部清掃事業所,12
大分,横瀬,富士見が丘東5丁目,西部清掃事業所,12
大分,明野,明野高尾,東部清掃事務所,13
大分,明野,パークシティ明野,東部清掃事務所,13
大分,大道,新町,西部清掃事業所,13
大分,大道,田室町,西部清掃事業所,13
大分,春日,中春日町,西部清掃事業所,13
大分,春日,東春日町,西部清掃事業所,13
大分,滝尾,かたしま台,西部清掃事業所,13
大分,滝尾,藤の台,西部清掃事業所,13
大分,滝尾,ゆめが丘,西部清掃事業所,13
大分,津留,今津留,東部清掃事業所,13
大分,津留,中津留,東部清掃事業所,13
大分,津留,花津留,東部清掃事業所,13
大分,津留,東浜1丁目,東部清掃事業所,13
大分,津留,東浜2丁目,東部清掃事業所,13
大分,津留,岩田団地,東部清掃事業所,14
大分,津留,岩田町1丁目,東部清掃事業所,14
大分,津留,岩田町2丁目,東部清掃事業所,14
大分,津留,岩田町3丁目,東部清掃事業所,14
大分,津留,岩田町4丁目,東部清掃事業所,14
大分,津留,裏川団地,東部清掃事業所,14
大分,津留,古ケ鶴,東部清掃事業所,14
大分,津留,東津留,東部清掃事業所,14
大分,津留,南津留,東部清掃事業所,14
大分,宗方,上宗方,西部清掃事業所,14
大分,宗方,下宗方,西部清掃事業所,14
大分,宗方,椿ケ丘,西部清掃事業所,14
大分,宗方,二豊,西部清掃事業所,14
大分,宗方,八幡田,西部清掃事業所,14
大分,明治,岡原,東部清掃事業所,14
大分,明治,久保山町,東部清掃事業所,14
大分,明治,下組,東部清掃事業所,14
大分,明治,中筋,東部清掃事業所,14
大分,明治,パークヒルズ久保山,東部清掃事業所,14
大分,明治,二目川,東部清掃事業所,14
大分,稙田,粟野,西部清掃事業所,14
大分,稙田,雄城,西部清掃事業所,14
大分,稙田,雄城台中央,西部清掃事業所,14
大分,稙田,雄城台団地,西部清掃事業所,14
大分,稙田,桑本,西部清掃事業所,14
大分,稙田,野添,西部清掃事業所,14
大分,賀来,国分一,西部清掃事業所,15
大分,賀来,国分二,西部清掃事業所,15
大分,賀来,国分三,西部清掃事業所,15
大分,賀来,国分団地,西部清掃事業所,15
大分,金池,上野丘1丁目,西部清掃事業所,15
大分,金池,上野丘2丁目,西部清掃事業所,15
大分,金池,上野丘西,西部清掃事業所,15
大分,金池,上野丘東,西部清掃事業所,15
大分,金池,上野町,西部清掃事業所,15
大分,金池,金池南1丁目,西部清掃事業所,15
大分,金池,金池南2丁目,西部清掃事業所,15
大分,金池,顕徳町,西部清掃事業所,15
大分,金池,桜ケ丘,西部清掃事業所,15
大分,金池,元町,西部清掃事業所,15
大分,金池,六坊町,西部清掃事業所,15
大分,住吉,泉町,西部清掃事業所,15
大分,住吉,碩田町,西部清掃事業所,15
大分,住吉,中島東,西部清掃事業所,15
大分,住吉,弁天,西部清掃事業所,15
大分,住吉,豊町1丁目,西部清掃事業所,15
大分,住吉,豊町2丁目,西部清掃事業所,15
大分,津留,大州浜,東部清掃事業所,15
大分,津留,大津町1丁目,東部清掃事業所,15
大分,津留,大津町2丁目,東部清掃事業所,15
大分,津留,大津町3丁目,東部清掃事業所,15
大分,津留,西新地,東部清掃事業所,15
大分,中島,中島中央,西部清掃事業所,15
大分,中島,中島西,西部清掃事業所,15
大分,長浜,長浜町1丁目,西部清掃事業所,15
大分,長浜,長浜町2丁目,西部清掃事業所,15
大分,長浜,長浜町3丁目,西部清掃事業所,15
大分,長浜,錦町1丁目,西部清掃事業所,15
大分,長浜,錦町2丁目,西部清掃事業所,15
大分,長浜,錦町3丁目,西部清掃事業所,15
大分,長浜,舞鶴町,西部清掃事業所,15
大分,別保,葛木団地,東部清掃事業所,15
大分,別保,花の木,東部清掃事業所,15
大分,別保,森住宅団地,東部清掃事業所,15
大分,別保,森町団地,東部清掃事業所,15
大分,豊府,古国府の一部,西部清掃事業所,15
大分,宗方,小野鶴市営住宅,西部清掃事業所,15
大分,宗方,上小野鶴,西部清掃事業所,15
大分,宗方,下小野鶴,西部清掃事業所,15
大分,宗方,宗方台,西部清掃事業所,15
大分,明治,葛木,東部清掃事業所,15
大分,稙田,小野鶴新町,西部清掃事業所,15
大分,稙田,田原,西部清掃事業所,15
大分,稙田,田原住宅,西部清掃事業所,15
大分,明野,明野旭町,東部清掃事務所,16
大分,明野,明野さつき町,東部清掃事務所,16
大分,明野,明野東町,東部清掃事務所,16
大分,明野,明野日の出,東部清掃事務所,16
大分,明野,明野南町,東部清掃事務所,16
大分,下郡,赤坂タウン,西部清掃事業所,16
大分,中島,住吉町,西部清掃事業所,16
大分,中島,千代町,西部清掃事業所,16
大分,豊府,羽屋,西部清掃事業所,16
大分,豊府,羽屋新町,西部清掃事業所,16
大分,松岡,池ノ上,東部清掃事業所,16
大分,松岡,大津留,東部清掃事業所,16
大分,松岡,尾崎,東部清掃事業所,16
大分,松岡,上松岡,東部清掃事業所,16
大分,松岡,京が丘第1区,東部清掃事業所,16
大分,松岡,京が丘第2区,東部清掃事業所,16
大分,松岡,毛井,東部清掃事業所,16
大分,松岡,公園通り1丁目,東部清掃事業所,16
大分,松岡,公園通り2丁目,東部清掃事業所,16
大分,松岡,公園通り3丁目,東部清掃事業所,16
大分,松岡,公園通り4丁目,東部清掃事業所,16
大分,松岡,公園通り5丁目,東部清掃事業所,16
大分,松岡,菰田,東部清掃事業所,16
大分,松岡,下松岡,東部清掃事業所,16
大分,松岡,成松,東部清掃事業所,16
大分,松岡,舟本,東部清掃事業所,16
大分,松岡,真萱,東部清掃事業所,16
大分,松岡,門前,東部清掃事業所,16
大分,判田,板山・小岳,西部清掃事業所,17
大分,判田,片野・大興寺・居村,西部清掃事業所,17
大分,判田,昆布刈,西部清掃事業所,17
大分,判田,庄屋村,西部清掃事業所,17
大分,判田,住床,西部清掃事業所,17
大分,判田,高江,西部清掃事業所,17
大分,判田,立小野,西部清掃事業所,17
大分,判田,辰口,西部清掃事業所,17
大分,判田,つつじケ丘,西部清掃事業所,17
大分,判田,豊田,西部清掃事業所,17
大分,判田,西新川,西部清掃事業所,17
大分,判田,東新川,西部清掃事業所,17
大分,判田,ひばりケ丘,西部清掃事業所,17
大分,判田,光永・戸無瀬,西部清掃事業所,17
大分,判田,宮ノ原・中ノ原,西部清掃事業所,17
大分,判田,米良,西部清掃事業所,17
大分,戸次,上り尾,東部清掃事業所,17
大分,戸次,大内,東部清掃事業所,17
大分,戸次,大塔,東部清掃事業所,17
大分,戸次,尾津留,東部清掃事業所,17
大分,戸次,影ノ木,東部清掃事業所,17
大分,戸次,川床,東部清掃事業所,17
大分,戸次,川原,東部清掃事業所,17
大分,戸次,楠木生,東部清掃事業所,17
大分,戸次,けやき台1丁目,東部清掃事業所,17
大分,戸次,けやき台2丁目,東部清掃事業所,17
大分,戸次,けやき台3丁目,東部清掃事業所,17
大分,戸次,けやき台4丁目,東部清掃事業所,17
大分,戸次,佐柳,東部清掃事業所,17
大分,戸次,利光,東部清掃事業所,17
大分,戸次,備後,東部清掃事業所,17
大分,戸次,戸次本町,東部清掃事業所,17
大分,戸次,美園,東部清掃事業所,17
大分,豊府,花園,西部清掃事業所,17
大分,豊府,広瀬町,西部清掃事業所,17
大分,豊府,古国府,西部清掃事業所,17
大分,豊府,古国府東,西部清掃事業所,17
大分,鴛野,敷戸新町1区,西部清掃事業所,18
大分,鴛野,敷戸新町2区,西部清掃事業所,18
大分,鴛野,敷戸新町3区,西部清掃事業所,18
大分,鴛野,花の木坂,西部清掃事業所,18
大分,坂ノ市,市西,東部清掃事業所,18
大分,坂ノ市,駅通り,東部清掃事業所,18
大分,坂ノ市,尾田,東部清掃事業所,18
大分,坂ノ市,上市,東部清掃事業所,18
大分,坂ノ市,久原内久原,東部清掃事業所,18
大分,坂ノ市,久原上津,東部清掃事業所,18
大分,坂ノ市,久原松崎,東部清掃事業所,18
大分,坂ノ市,倉掛,東部清掃事業所,18
大分,坂ノ市,浜中,東部清掃事業所,18
大分,坂ノ市,東上野西部,東部清掃事業所,18
大分,坂ノ市,東上野中央,東部清掃事業所,18
大分,坂ノ市,東上野東部,東部清掃事業所,18
大分,坂ノ市,東本町,東部清掃事業所,18
大分,坂ノ市,細西部,東部清掃事業所,18
大分,坂ノ市,細東部,東部清掃事業所,18
大分,坂ノ市,細八丸,東部清掃事業所,18
大分,敷戸,敷戸上東,西部清掃事業所,18
大分,敷戸,敷戸東,西部清掃事業所,18
大分,敷戸,敷戸南,西部清掃事業所,18
大分,寒田,美し野,西部清掃事業所,18
大分,寒田,寒田御苑,西部清掃事業所,18
大分,寒田,旦野原,西部清掃事業所,18
大分,八幡,大久保,西部清掃事業所,18
大分,八幡,上白木,西部清掃事業所,18
大分,八幡,上八幡,西部清掃事業所,18
大分,八幡,下白木の一部,西部清掃事業所,18
大分,八幡,下八幡,西部清掃事業所,18
大分,八幡,東八幡,西部清掃事業所,18
大分,八幡,御幸,西部清掃事業所,18
大分,小佐井,旭社宅,東部清掃事業所,19
大分,小佐井,市尾上,東部清掃事業所,19
大分,小佐井,市尾下,東部清掃事業所,19
大分,小佐井,王ノ瀬,東部清掃事業所,19
大分,小佐井,川南,東部清掃事業所,19
大分,小佐井,里中,東部清掃事業所,19
大分,小佐井,宮下,東部清掃事業所,19
大分,小佐井,屋山,東部清掃事業所,19
大分,坂ノ市,木田西部,東部清掃事業所,19
大分,坂ノ市,木田東部,東部清掃事業所,19
大分,坂ノ市,木田南部,東部清掃事業所,19
大分,別保,皆春,東部清掃事業所,19
大分,別保,皆春西区,東部清掃事業所,19
大分,別保,森町西,東部清掃事業所,19
大分,稙田,露,西部清掃事業所,19
大分,稙田,市,西部清掃事業所,19
大分,稙田,内稙田,西部清掃事業所,19
大分,稙田,大柳,西部清掃事業所,19
大分,稙田,カームタウン木ノ上,西部清掃事業所,19
大分,稙田,上芹,西部清掃事業所,19
大分,稙田,木上,西部清掃事業所,19
大分,稙田,木上新町,西部清掃事業所,19
大分,稙田,木上団地,西部清掃事業所,19
大分,稙田,口戸,西部清掃事業所,19
大分,稙田,胡麻鶴,西部清掃事業所,19
大分,稙田,下芹,西部清掃事業所,19
大分,稙田,田島,西部清掃事業所,19
大分,稙田,塚野,西部清掃事業所,19
大分,稙田,平野,西部清掃事業所,19
大分,稙田,萌葱台,西部清掃事業所,19
大分,大道,大道町1丁目,西部清掃事業所,20
大分,大道,大道町2丁目,西部清掃事業所,20
大分,大道,大道町3丁目,西部清掃事業所,20
大分,大道,大道町4丁目,西部清掃事業所,20
大分,大道,大道町5丁目,西部清掃事業所,20
大分,大道,大道町6丁目,西部清掃事業所,20
大分,大道,太平町,西部清掃事業所,20
大分,大道,東大道1丁目,西部清掃事業所,20
大分,大道,東大道2丁目,西部清掃事業所,20
大分,大道,東大道3丁目,西部清掃事業所,20
大分,鴛野,大分大学区,西部清掃事業所,20
大分,鴛野,大園,西部清掃事業所,20
大分,鴛野,鴛野,西部清掃事業所,20
大分,鴛野,サンシャインしきど,西部清掃事業所,20
大分,鴛野,敷戸,西部清掃事業所,20
大分,鴛野,敷戸駅北町,西部清掃事業所,20
大分,鴛野,高江ハイツ,西部清掃事業所,20
大分,鴛野,旦野原ハイツ西,西部清掃事業所,20
大分,鴛野,旦野原ハイツ東,西部清掃事業所,20
大分,三佐,家島,東部清掃事業所,20
大分,三佐,海原,東部清掃事業所,20
大分,三佐,三佐二,東部清掃事業所,20
大分,三佐,三佐三,東部清掃事業所,20
大分,三佐,三佐四,東部清掃事業所,20
大分,宗方,松が丘一丁目,西部清掃事業所,20
大分,宗方,松が丘二丁目,西部清掃事業所,20
大分,宗方,松が丘三丁目,西部清掃事業所,20
大分,宗方,松が丘四丁目,西部清掃事業所,20
大分,明治,猪野下,東部清掃事業所,20
大分,明治,猪野中,東部清掃事業所,20
大分,明治,猪野南,東部清掃事業所,20
大分,明治,新明治,東部清掃事業所,20
大分,東大分,萩原1丁目,東部清掃事業所,21
大分,東大分,萩原2丁目,東部清掃事業所,21
大分,東大分,萩原3丁目,東部清掃事業所,21
大分,東大分,萩原4丁目,東部清掃事業所,21
大分,鶴崎,小中島,東部清掃事業所,22
大分,鶴崎,国宗,東部清掃事業所,22
大分,鶴崎,三軒町,東部清掃事業所,22
大分,鶴崎,下鶴崎一,東部清掃事業所,22
大分,鶴崎,下鶴崎二,東部清掃事業所,22
大分,鶴崎,中央区,東部清掃事業所,22
大分,鶴崎,寺司一,東部清掃事業所,22
大分,鶴崎,寺司二,東部清掃事業所,22
大分,鶴崎,徳島,東部清掃事業所,22
大分,鶴崎,西町,東部清掃事業所,22
大分,鶴崎,堀川本町,東部清掃事業所,22
大分,鶴崎,山川,東部清掃事業所,22
大分,鶴崎,乙津,東部清掃事業所,23
大分,竹中,樫原,西部清掃事業所,24
大分,竹中,黒仁田,西部清掃事業所,24
大分,竹中,弓立・黒岩,西部清掃事業所,24
大分,判田,米良の一部(安田),西部清掃事業所,24
大分,判田,百木,西部清掃事業所,24
大分,金池,大手町1丁目,西部清掃事業所,25
大分,金池,府内町1丁目,西部清掃事業所,25
大分,長浜,大手町2・3丁目,西部清掃事業所,25
大分,荷揚,府内町2・3丁目,西部清掃事業所,25
大分,金池,金池町1・2・3丁目,西部清掃事業所,26
大分,金池,金池町4丁目,西部清掃事業所,26
大分,金池,金池町5丁目,西部清掃事業所,26
大分,大道,末広町2丁目,西部清掃事業所,27
大分,荷揚,末広町1丁目,西部清掃事業所,27
大分,荷揚,高砂・寿町,西部清掃事業所,27
大分,荷揚,都町1・2丁目,西部清掃事業所,27
大分,荷揚,都町3・4丁目,西部清掃事業所,27
大分,荷揚,城崎町,西部清掃事業所,28
大分,荷揚,中央町,西部清掃事業所,28
大分,荷揚,荷揚町,西部清掃事業所,28
大分,八幡,鳴川,西部清掃事業所,29
佐賀関,一尺屋,田ノ浦西,佐賀関支所,31
佐賀関,一尺屋,田ノ浦東,佐賀関支所,31
佐賀関,関,大黒,佐賀関支所,31
佐賀関,関,幸の浦,佐賀関支所,31
佐賀関,関,小黒,佐賀関支所,31
佐賀関,関,白木奥,佐賀関支所,31
佐賀関,関,白木浜,佐賀関支所,31
佐賀関,関,玉井,佐賀関支所,31
佐賀関,関,室生,佐賀関支所,31
佐賀関,大志生木,小志生木,佐賀関支所,32
佐賀関,本神崎,大平,佐賀関支所,32
佐賀関,本神崎,河内,佐賀関支所,32
佐賀関,本神崎,中の原,佐賀関支所,32
佐賀関,本神崎,湊,佐賀関支所,32
佐賀関,一尺屋,江川,佐賀関支所,33
佐賀関,一尺屋,笠方,佐賀関支所,33
佐賀関,一尺屋,下河原,佐賀関支所,33
佐賀関,一尺屋,中上,佐賀関支所,33
佐賀関,一尺屋,中江川,佐賀関支所,33
佐賀関,一尺屋,中下,佐賀関支所,33
佐賀関,一尺屋,西上,佐賀関支所,33
佐賀関,一尺屋,西下,佐賀関支所,33
佐賀関,一尺屋,早出,佐賀関支所,33
佐賀関,一尺屋,浜方,佐賀関支所,33
佐賀関,一尺屋,東上,佐賀関支所,33
佐賀関,一尺屋,東下,佐賀関支所,33
佐賀関,関,秋の江,佐賀関支所,34
佐賀関,関,金山,佐賀関支所,34
佐賀関,関,汐見,佐賀関支所,34
佐賀関,関,福水,佐賀関支所,34
佐賀関,関,辛幸1,佐賀関支所,35
佐賀関,関,辛幸2,佐賀関支所,35
佐賀関,関,日鉱住宅,佐賀関支所,35
佐賀関,関,古宮,佐賀関支所,35
佐賀関,関,緑ケ丘,佐賀関支所,35
佐賀関,関,黒砂,佐賀関支所,36
佐賀関,関,佐賀関H25住宅,佐賀関支所,36
佐賀関,関,田尻,佐賀関支所,36
佐賀関,関,鮮浜,佐賀関支所,36
佐賀関,関,本町,佐賀関支所,36
佐賀関,関,真砂,佐賀関支所,36
佐賀関,関,御幸,佐賀関支所,36
佐賀関,大志生木,大志生木1,佐賀関支所,37
佐賀関,大志生木,大志生木2,佐賀関支所,37
佐賀関,大志生木,大志生木3,佐賀関支所,37
佐賀関,大志生木,大志生木4,佐賀関支所,37
佐賀関,大志生木,大志生木5,佐賀関支所,37
佐賀関,木佐上,木佐上1,佐賀関支所,38
佐賀関,木佐上,木佐上2,佐賀関支所,38
佐賀関,木佐上,木佐上3,佐賀関支所,38
佐賀関,木佐上,木佐上4,佐賀関支所,38
佐賀関,木佐上,木佐上5,佐賀関支所,38
佐賀関,本神崎,中山,佐賀関支所,38
佐賀関,関,小浜,佐賀関支所,39
佐賀関,関,神山,佐賀関支所,39
佐賀関,関,迫,佐賀関支所,39
佐賀関,関,田中1,佐賀関支所,39
佐賀関,関,田中2,佐賀関支所,39
佐賀関,関,田中3,佐賀関支所,39
佐賀関,関,辻,佐賀関支所,39
佐賀関,関,西町,佐賀関支所,39
佐賀関,関,西脇,佐賀関支所,39
佐賀関,関,東町,佐賀関支所,39
佐賀関,関,古屋敷,佐賀関支所,39
佐賀関,本神崎,駅,佐賀関支所,40
佐賀関,本神崎,小猫,佐賀関支所,40
佐賀関,本神崎,中,佐賀関支所,40
佐賀関,本神崎,馬場,佐賀関支所,40
佐賀関,本神崎,東上,佐賀関支所,40
佐賀関,本神崎,東下,佐賀関支所,40
野津原,今市,石合,西部清掃事務所,41
野津原,今市,小原,西部清掃事務所,41
野津原,今市,杵ヶ原,西部清掃事務所,41
野津原,今市,高沢,西部清掃事務所,41
野津原,今市,荷小野,西部清掃事務所,41
野津原,今市,山中,西部清掃事務所,41
野津原,中部,竹の内,西部清掃事業所,41
野津原,東部,柿野,西部清掃事業所,41
野津原,東部,愛宕,西部清掃事業所,42
野津原,東部,入蔵,西部清掃事業所,42
野津原,東部,恵良,西部清掃事業所,42
野津原,東部,看大住宅,西部清掃事業所,42
野津原,東部,小屋鶴,西部清掃事業所,42
野津原,東部,新界,西部清掃事業所,42
野津原,東部,新川,西部清掃事業所,42
野津原,東部,なゝせ,西部清掃事業所,42
野津原,東部,舟ヶ平,西部清掃事業所,42
野津原,東部,本町,西部清掃事業所,42
野津原,東部,廻栖,西部清掃事業所,42
野津原,東部,廻栖住宅,西部清掃事業所,42
野津原,東部,吉熊,西部清掃事業所,42
野津原,今市,石合原,西部清掃事務所,43
野津原,今市,一本櫟,西部清掃事務所,43
野津原,今市,今市町,西部清掃事務所,43
野津原,今市,上石合,西部清掃事務所,43
野津原,今市,白家,西部清掃事務所,43
野津原,今市,摺,西部清掃事務所,43
野津原,今市,練ヶ迫,西部清掃事務所,43
野津原,西部,上詰,西部清掃事業所,43
野津原,西部,下詰,西部清掃事業所,43
野津原,西部,湛水,西部清掃事業所,43
野津原,中部,今畑,西部清掃事業所,43
野津原,中部,田ノ口,西部清掃事業所,43
野津原,中部,長尾台,西部清掃事業所,43
野津原,中部,原村,西部清掃事業所,43
野津原,中部,太田,西部清掃事業所,44
野津原,中部,岡倉,西部清掃事業所,44
野津原,中部,沢田,西部清掃事業所,44
野津原,中部,日方羽原,西部清掃事業所,44
野津原,中部,矢ノ原,西部清掃事業所,44
野津原,東部,新町,西部清掃事業所,44
野津原,東部,辻原,西部清掃事業所,44
野津原,東部,福宗一,西部清掃事業所,44
野津原,東部,福宗二,西部清掃事業所,44
佐賀関,関,見尾,佐賀関支所,",電話対応"